-- phpMyAdmin SQL Dump
-- version 4.6.6deb5
-- https://www.phpmyadmin.net/
--
-- Host: localhost:3306
-- Czas generowania: 30 Lis 2017, 13:45
-- Wersja serwera: 5.7.20-0ubuntu0.17.10.1
-- Wersja PHP: 7.1.11-0ubuntu0.17.10.1

SET SQL_MODE = "NO_AUTO_VALUE_ON_ZERO";
SET time_zone = "+00:00";


/*!40101 SET @OLD_CHARACTER_SET_CLIENT=@@CHARACTER_SET_CLIENT */;
/*!40101 SET @OLD_CHARACTER_SET_RESULTS=@@CHARACTER_SET_RESULTS */;
/*!40101 SET @OLD_COLLATION_CONNECTION=@@COLLATION_CONNECTION */;
/*!40101 SET NAMES utf8mb4 */;

--
-- Baza danych: `GRAJEK_3TIB`
--

-- --------------------------------------------------------

--
-- Struktura tabeli dla tabeli `ETATY`
--

CREATE TABLE `ETATY` (
  `NAZWA` varchar(10) NOT NULL,
  `PLACA_MIN` int(6) DEFAULT NULL,
  `PLACA_MAX` int(6) DEFAULT NULL
) ENGINE=InnoDB DEFAULT CHARSET=latin1;

--
-- Zrzut danych tabeli `ETATY`
--

INSERT INTO `ETATY` (`NAZWA`, `PLACA_MIN`, `PLACA_MAX`) VALUES
('ADIUNKT', 510, 750),
('ASYSTENT', 300, 500),
('DYREKTOR', 1280, 2100),
('PROFESOR', 800, 1500),
('SEKRETARKA', 270, 450),
('STAZYSTA', 150, 250);

-- --------------------------------------------------------

--
-- Struktura tabeli dla tabeli `PRACOWNICY`
--

CREATE TABLE `PRACOWNICY` (
  `ID_PRAC` int(6) DEFAULT NULL,
  `NAZWISKO` varchar(15) DEFAULT NULL,
  `ETAT` varchar(10) DEFAULT NULL,
  `ID_SZEFA` int(6) DEFAULT NULL,
  `ZATRUDNIONY` date DEFAULT NULL,
  `PLACA_POD` int(6) DEFAULT NULL,
  `PLACA_DOD` int(6) DEFAULT NULL,
  `ID_ZESP` int(4) DEFAULT NULL
) ENGINE=InnoDB DEFAULT CHARSET=latin1;

--
-- Zrzut danych tabeli `PRACOWNICY`
--

INSERT INTO `PRACOWNICY` (`ID_PRAC`, `NAZWISKO`, `ETAT`, `ID_SZEFA`, `ZATRUDNIONY`, `PLACA_POD`, `PLACA_DOD`, `ID_ZESP`) VALUES
(100, 'WEGLARZ', 'DYREKTOR', NULL, '1968-01-01', 1730, 420, 10),
(110, 'BLAZEWICZ', 'PROFESOR', 100, '1973-05-01', 1350, 210, 40),
(120, 'SLOWINSKI', 'PROFESOR', 100, '1977-09-01', 1070, NULL, 30),
(130, 'BRZEZINSKI', 'PROFESOR', 100, '1968-07-01', 960, NULL, 20),
(140, 'MORZY', 'PROFESOR', 130, '1975-09-15', 830, 105, 20),
(150, 'KROLIKOWSKI', 'ADIUNKT', 130, '1977-09-01', 645, NULL, 20),
(160, 'KOSZLAJDA', 'ADIUNKT', 130, '1985-03-01', 590, NULL, 20),
(170, 'JEZIERSKI', 'ASYSTENT', 130, '1992-10-01', 439, 80, 20),
(190, 'MATYSIAK', 'ASYSTENT', 140, '1993-04-01', 371, NULL, 20),
(180, 'MAREK', 'SEKRETARKA', 100, '1985-02-25', 410, NULL, 10),
(200, 'ZAKRZEWICZ', 'STAZYSTA', 140, '1994-04-15', 208, NULL, 30),
(210, 'BIALY', 'STAZYSTA', 130, '1993-07-15', 250, 170, 30),
(220, 'KONOPKA', 'ASYSTENT', 110, '1993-10-01', 480, NULL, 20),
(230, 'HAPKE', 'ASYSTENT', 120, '1992-11-02', 480, 90, 30);

-- --------------------------------------------------------

--
-- Struktura tabeli dla tabeli `PRACOWNICY_ZESPOLY`
--

CREATE TABLE `PRACOWNICY_ZESPOLY` (
  `NAZWISKO` varchar(15) DEFAULT NULL,
  `POSADA` varchar(10) DEFAULT NULL,
  `PLACA_ROCZNA` int(11) DEFAULT NULL,
  `ZESPOL` varchar(20) DEFAULT NULL,
  `ADRES_PRACY` varchar(20) DEFAULT NULL
) ENGINE=InnoDB DEFAULT CHARSET=latin1;

--
-- Zrzut danych tabeli `PRACOWNICY_ZESPOLY`
--

INSERT INTO `PRACOWNICY_ZESPOLY` (`NAZWISKO`, `POSADA`, `PLACA_ROCZNA`, `ZESPOL`, `ADRES_PRACY`) VALUES
('BIALY', 'STAZYSTA', 5047, 'SYSTEMY EKSPERCKIE', 'STRZELECKA 14'),
('BLAZEWICZ', 'PROFESOR', 18720, 'ALGORYTMY', 'WLODKOWICA 16'),
('BRZEZINSKI', 'PROFESOR', 11520, 'SYSTEMY ROZPROSZONE', 'PIOTROWO 3A'),
('HAPKE', 'ASYSTENT', 6840, 'SYSTEMY EKSPERCKIE', 'STRZELECKA 14'),
('JEZIERSKI', 'ASYSTENT', 6242, 'SYSTEMY ROZPROSZONE', 'PIOTROWO 3A'),
('KONOPKA', 'ASYSTENT', 5760, 'SYSTEMY ROZPROSZONE', 'PIOTROWO 3A'),
('KOSZLAJDA', 'ADIUNKT', 7080, 'SYSTEMY ROZPROSZONE', 'PIOTROWO 3A'),
('KROLIKOWSKI', 'ADIUNKT', 7746, 'SYSTEMY ROZPROSZONE', 'PIOTROWO 3A'),
('MAREK', 'SEKRETARKA', 4922, 'ADMINISTRACJA', 'PIOTROWO 3A'),
('MATYSIAK', 'ASYSTENT', 4452, 'SYSTEMY ROZPROSZONE', 'PIOTROWO 3A'),
('MORZY', 'PROFESOR', 11220, 'SYSTEMY ROZPROSZONE', 'PIOTROWO 3A'),
('SLOWINSKI', 'PROFESOR', 12840, 'SYSTEMY EKSPERCKIE', 'STRZELECKA 14'),
('WEGLARZ', 'DYREKTOR', 25806, 'ADMINISTRACJA', 'PIOTROWO 3A'),
('ZAKRZEWICZ', 'STAZYSTA', 2496, 'SYSTEMY EKSPERCKIE', 'STRZELECKA 14');

-- --------------------------------------------------------

--
-- Struktura tabeli dla tabeli `PROJEKTY`
--

CREATE TABLE `PROJEKTY` (
  `ID_PROJEKTU` int(4) DEFAULT NULL,
  `OPIS_PROJEKTU` varchar(30) DEFAULT NULL,
  `DATA_ROZPOCZECIA` date DEFAULT NULL,
  `DATA_ZAKONCZENIA` date DEFAULT NULL,
  `FUNDUSZ` int(7) DEFAULT NULL
) ENGINE=InnoDB DEFAULT CHARSET=latin1;

-- --------------------------------------------------------

--
-- Struktura tabeli dla tabeli `PRZYDZIALY`
--

CREATE TABLE `PRZYDZIALY` (
  `ID_PROJEKTU` int(4) NOT NULL,
  `NR_PRACOWNIKA` int(6) NOT NULL,
  `OD` date DEFAULT NULL,
  `DO` date DEFAULT NULL,
  `STAWKA` int(7) DEFAULT NULL,
  `ROLA` varchar(20) DEFAULT NULL,
  `GODZINY` int(4) DEFAULT NULL
) ENGINE=InnoDB DEFAULT CHARSET=latin1;

-- --------------------------------------------------------

--
-- Struktura tabeli dla tabeli `ZESPOLY`
--

CREATE TABLE `ZESPOLY` (
  `ID_ZESP` int(4) DEFAULT NULL,
  `NAZWA` varchar(20) DEFAULT NULL,
  `ADRES` varchar(20) DEFAULT NULL
) ENGINE=InnoDB DEFAULT CHARSET=latin1;

--
-- Zrzut danych tabeli `ZESPOLY`
--

INSERT INTO `ZESPOLY` (`ID_ZESP`, `NAZWA`, `ADRES`) VALUES
(10, 'ADMINISTRACJA', 'PIOTROWO 3A'),
(20, 'SYSTEMY ROZPROSZONE', 'PIOTROWO 3A'),
(30, 'SYSTEMY EKSPERCKIE', 'STRZELECKA 14'),
(40, 'ALGORYTMY', 'WLODKOWICA 16'),
(50, 'BADANIA OPERACYJNE', 'MIELZYNSKIEGO 30');

--
-- Indeksy dla zrzutów tabel
--

--
-- Indexes for table `ETATY`
--
ALTER TABLE `ETATY`
  ADD PRIMARY KEY (`NAZWA`);

--
-- Indexes for table `PRZYDZIALY`
--
ALTER TABLE `PRZYDZIALY`
  ADD PRIMARY KEY (`ID_PROJEKTU`,`NR_PRACOWNIKA`);

/*!40101 SET CHARACTER_SET_CLIENT=@OLD_CHARACTER_SET_CLIENT */;
/*!40101 SET CHARACTER_SET_RESULTS=@OLD_CHARACTER_SET_RESULTS */;
/*!40101 SET COLLATION_CONNECTION=@OLD_COLLATION_CONNECTION */;
